{"cameraMode":{"drawMode":0,"name":"Shaded","section":"Shading Mode"},"sceneLighting":false,"audioPlay":false,"sceneViewState":{"m_AlwaysRefresh":false,"showFog":true,"showSkybox":false,"showFlares":true,"showImageEffects":true,"showParticleSystems":true,"showVisualEffectGraphs":true,"m_FxEnabled":true},"in2DMode":false,"pivot":{"x":11.381321907043457,"y":5.682400226593018,"z":3.7975642681121828},"rotation":{"x":-0.021131718531250955,"y":0.5768328309059143,"z":-0.01747053675353527,"w":-0.8165884613990784},"size":0.13174855709075929,"orthographic":false}